ROC AUC,Accuracy,Precision,Recall,F1 Score,Type I Error,Type II Error,Epsilon,Batch Size,Noise Multiplier,Learning Rate,Clipping Norm,Sample Ratio
0.902,0.849,0.422,0.774,0.546,0.141,0.226,inf,32,0.0,0.003,0.0,1.0
0.834,0.816,0.352,0.682,0.464,0.167,0.318,1.699,16,0.8,0.001,0.5,1.0
0.757,0.687,0.225,0.683,0.338,0.313,0.317,1.699,16,0.8,0.001,1.0,1.0
0.882,0.855,0.428,0.702,0.532,0.124,0.298,1.699,16,0.8,0.001,2.0,1.0
0.878,0.861,0.439,0.679,0.533,0.115,0.321,1.699,16,0.8,0.003,0.5,1.0
0.851,0.844,0.398,0.654,0.495,0.131,0.346,1.699,16,0.8,0.003,1.0,1.0
0.883,0.876,0.478,0.604,0.533,0.088,0.396,1.699,16,0.8,0.003,2.0,1.0
0.867,0.874,0.468,0.565,0.512,0.085,0.435,1.699,16,0.8,0.005,0.5,1.0
0.869,0.878,0.482,0.547,0.513,0.078,0.453,1.699,16,0.8,0.005,1.0,1.0
0.833,0.858,0.419,0.562,0.48,0.103,0.438,1.699,16,0.8,0.005,2.0,1.0
0.749,0.684,0.221,0.676,0.334,0.315,0.324,0.849,16,1.1,0.001,0.5,1.0
0.809,0.809,0.332,0.627,0.434,0.167,0.373,0.849,16,1.1,0.001,1.0,1.0
0.879,0.859,0.435,0.691,0.534,0.119,0.309,0.849,16,1.1,0.001,2.0,1.0
0.812,0.847,0.392,0.549,0.457,0.113,0.451,0.849,16,1.1,0.003,0.5,1.0
0.828,0.824,0.357,0.635,0.457,0.152,0.365,0.849,16,1.1,0.003,1.0,1.0
0.85,0.842,0.396,0.667,0.497,0.135,0.333,0.849,16,1.1,0.003,2.0,1.0
0.849,0.859,0.425,0.585,0.492,0.105,0.415,0.849,16,1.1,0.005,0.5,1.0
0.872,0.865,0.445,0.613,0.516,0.101,0.387,0.849,16,1.1,0.005,1.0,1.0
0.885,0.861,0.441,0.693,0.539,0.116,0.307,0.849,16,1.1,0.005,2.0,1.0
0.741,0.673,0.216,0.68,0.327,0.328,0.32,0.486,16,1.5,0.001,0.5,1.0
0.794,0.736,0.263,0.693,0.381,0.258,0.307,0.486,16,1.5,0.001,1.0,1.0
0.756,0.666,0.216,0.703,0.33,0.339,0.297,0.486,16,1.5,0.001,2.0,1.0
0.878,0.875,0.472,0.615,0.534,0.091,0.385,0.486,16,1.5,0.003,0.5,1.0
0.889,0.86,0.439,0.702,0.54,0.119,0.298,0.486,16,1.5,0.003,1.0,1.0
0.85,0.858,0.426,0.627,0.507,0.112,0.373,0.486,16,1.5,0.003,2.0,1.0
0.869,0.859,0.429,0.635,0.512,0.112,0.365,0.486,16,1.5,0.005,0.5,1.0
0.89,0.863,0.445,0.69,0.541,0.114,0.31,0.486,16,1.5,0.005,1.0,1.0
0.892,0.853,0.425,0.719,0.535,0.129,0.281,0.486,16,1.5,0.005,2.0,1.0
0.785,0.727,0.255,0.694,0.373,0.268,0.306,0.32,16,2.0,0.001,0.5,1.0
0.863,0.843,0.402,0.697,0.51,0.138,0.303,0.32,16,2.0,0.001,1.0,1.0
0.753,0.696,0.227,0.665,0.338,0.3,0.335,0.32,16,2.0,0.001,2.0,1.0
0.879,0.864,0.444,0.645,0.526,0.107,0.355,0.32,16,2.0,0.003,0.5,1.0
0.888,0.851,0.42,0.725,0.532,0.133,0.275,0.32,16,2.0,0.003,1.0,1.0
0.893,0.852,0.424,0.746,0.541,0.134,0.254,0.32,16,2.0,0.003,2.0,1.0
0.888,0.871,0.463,0.651,0.541,0.1,0.349,0.32,16,2.0,0.005,0.5,1.0
0.84,0.854,0.412,0.59,0.485,0.111,0.41,0.32,16,2.0,0.005,1.0,1.0
0.888,0.875,0.475,0.631,0.542,0.092,0.369,0.32,16,2.0,0.005,2.0,1.0
0.757,0.697,0.228,0.665,0.339,0.299,0.335,2.114,32,0.8,0.001,0.5,1.0
0.739,0.681,0.214,0.648,0.322,0.315,0.352,2.114,32,0.8,0.001,1.0,1.0
0.764,0.69,0.229,0.697,0.345,0.311,0.303,2.114,32,0.8,0.001,2.0,1.0
0.867,0.854,0.422,0.658,0.514,0.119,0.342,2.114,32,0.8,0.003,0.5,1.0
0.874,0.85,0.416,0.705,0.523,0.131,0.295,2.114,32,0.8,0.003,1.0,1.0
0.863,0.828,0.38,0.739,0.502,0.16,0.261,2.114,32,0.8,0.003,2.0,1.0
0.863,0.866,0.446,0.584,0.506,0.096,0.416,2.114,32,0.8,0.005,0.5,1.0
0.878,0.866,0.45,0.658,0.534,0.107,0.342,2.114,32,0.8,0.005,1.0,1.0
0.868,0.847,0.408,0.689,0.513,0.132,0.311,2.114,32,0.8,0.005,2.0,1.0
0.746,0.674,0.219,0.695,0.333,0.328,0.305,1.058,32,1.1,0.001,0.5,1.0
0.844,0.822,0.364,0.702,0.479,0.163,0.298,1.058,32,1.1,0.001,1.0,1.0
0.82,0.756,0.286,0.724,0.41,0.24,0.276,1.058,32,1.1,0.001,2.0,1.0
0.869,0.861,0.436,0.629,0.515,0.108,0.371,1.058,32,1.1,0.003,0.5,1.0
0.878,0.862,0.441,0.662,0.529,0.111,0.338,1.058,32,1.1,0.003,1.0,1.0
0.848,0.865,0.441,0.57,0.497,0.096,0.43,1.058,32,1.1,0.003,2.0,1.0
0.872,0.866,0.445,0.604,0.513,0.1,0.396,1.058,32,1.1,0.005,0.5,1.0
0.878,0.869,0.456,0.63,0.529,0.1,0.37,1.058,32,1.1,0.005,1.0,1.0
0.862,0.834,0.386,0.704,0.498,0.149,0.296,1.058,32,1.1,0.005,2.0,1.0
0.763,0.703,0.234,0.679,0.349,0.294,0.321,0.643,32,1.5,0.001,0.5,1.0
0.752,0.717,0.238,0.645,0.348,0.274,0.355,0.643,32,1.5,0.001,1.0,1.0
0.754,0.684,0.222,0.682,0.336,0.316,0.318,0.643,32,1.5,0.001,2.0,1.0
0.874,0.869,0.457,0.616,0.525,0.097,0.384,0.643,32,1.5,0.003,0.5,1.0
0.82,0.814,0.343,0.647,0.448,0.164,0.353,0.643,32,1.5,0.003,1.0,1.0
0.886,0.854,0.425,0.705,0.53,0.127,0.295,0.643,32,1.5,0.003,2.0,1.0
0.87,0.875,0.471,0.574,0.517,0.086,0.426,0.643,32,1.5,0.005,0.5,1.0
0.862,0.881,0.492,0.528,0.51,0.072,0.472,0.643,32,1.5,0.005,1.0,1.0
0.892,0.869,0.459,0.678,0.548,0.106,0.322,0.643,32,1.5,0.005,2.0,1.0
0.776,0.714,0.244,0.687,0.36,0.282,0.313,0.449,32,2.0,0.001,0.5,1.0
0.738,0.658,0.207,0.679,0.317,0.344,0.321,0.449,32,2.0,0.001,1.0,1.0
0.776,0.675,0.225,0.726,0.343,0.332,0.274,0.449,32,2.0,0.001,2.0,1.0
0.865,0.856,0.422,0.639,0.509,0.116,0.361,0.449,32,2.0,0.003,0.5,1.0
0.767,0.737,0.253,0.641,0.363,0.25,0.359,0.449,32,2.0,0.003,1.0,1.0
0.866,0.835,0.389,0.724,0.506,0.151,0.276,0.449,32,2.0,0.003,2.0,1.0
0.877,0.877,0.48,0.586,0.528,0.084,0.414,0.449,32,2.0,0.005,0.5,1.0
0.885,0.869,0.458,0.647,0.536,0.101,0.353,0.449,32,2.0,0.005,1.0,1.0
0.874,0.865,0.446,0.636,0.524,0.105,0.364,0.449,32,2.0,0.005,2.0,1.0
0.739,0.67,0.211,0.665,0.321,0.329,0.335,2.763,64,0.8,0.001,0.5,1.0
0.735,0.663,0.21,0.68,0.32,0.339,0.32,2.763,64,0.8,0.001,1.0,1.0
0.773,0.668,0.224,0.744,0.344,0.342,0.256,2.763,64,0.8,0.001,2.0,1.0
0.874,0.861,0.438,0.664,0.528,0.113,0.336,2.763,64,0.8,0.003,0.5,1.0
0.838,0.789,0.321,0.716,0.443,0.201,0.284,2.763,64,0.8,0.003,1.0,1.0
0.797,0.767,0.286,0.662,0.4,0.219,0.338,2.763,64,0.8,0.003,2.0,1.0
0.78,0.729,0.255,0.683,0.371,0.265,0.317,2.763,64,0.8,0.005,0.5,1.0
0.875,0.856,0.427,0.687,0.527,0.122,0.313,2.763,64,0.8,0.005,1.0,1.0
0.855,0.85,0.411,0.651,0.504,0.124,0.349,2.763,64,0.8,0.005,2.0,1.0
0.753,0.68,0.221,0.69,0.335,0.322,0.31,1.419,64,1.1,0.001,0.5,1.0
0.745,0.675,0.215,0.671,0.326,0.324,0.329,1.419,64,1.1,0.001,1.0,1.0
0.765,0.682,0.225,0.7,0.34,0.32,0.3,1.419,64,1.1,0.001,2.0,1.0
0.748,0.682,0.217,0.658,0.326,0.315,0.342,1.419,64,1.1,0.003,0.5,1.0
0.784,0.726,0.254,0.692,0.372,0.269,0.308,1.419,64,1.1,0.003,1.0,1.0
0.86,0.821,0.369,0.746,0.493,0.169,0.254,1.419,64,1.1,0.003,2.0,1.0
0.728,0.662,0.208,0.674,0.318,0.34,0.326,1.419,64,1.1,0.005,0.5,1.0
0.84,0.866,0.443,0.558,0.494,0.093,0.442,1.419,64,1.1,0.005,1.0,1.0
0.733,0.713,0.225,0.594,0.326,0.272,0.406,1.419,64,1.1,0.005,2.0,1.0
0.739,0.668,0.21,0.667,0.32,0.332,0.333,0.904,64,1.5,0.001,0.5,1.0
0.756,0.661,0.213,0.702,0.327,0.344,0.298,0.904,64,1.5,0.001,1.0,1.0
0.747,0.675,0.218,0.685,0.33,0.327,0.315,0.904,64,1.5,0.001,2.0,1.0
0.779,0.688,0.231,0.713,0.349,0.315,0.287,0.904,64,1.5,0.003,0.5,1.0
0.839,0.826,0.367,0.674,0.475,0.154,0.326,0.904,64,1.5,0.003,1.0,1.0
0.787,0.712,0.247,0.713,0.366,0.289,0.287,0.904,64,1.5,0.003,2.0,1.0
0.788,0.77,0.285,0.644,0.395,0.214,0.356,0.904,64,1.5,0.005,0.5,1.0
0.822,0.792,0.319,0.687,0.436,0.194,0.313,0.904,64,1.5,0.005,1.0,1.0
0.863,0.878,0.48,0.565,0.519,0.081,0.435,0.904,64,1.5,0.005,2.0,1.0
0.749,0.667,0.214,0.691,0.327,0.337,0.309,0.638,64,2.0,0.001,0.5,1.0
0.775,0.707,0.239,0.69,0.355,0.291,0.31,0.638,64,2.0,0.001,1.0,1.0
0.756,0.675,0.219,0.696,0.334,0.328,0.304,0.638,64,2.0,0.001,2.0,1.0
0.826,0.811,0.341,0.661,0.45,0.169,0.339,0.638,64,2.0,0.003,0.5,1.0
0.748,0.716,0.233,0.625,0.34,0.272,0.375,0.638,64,2.0,0.003,1.0,1.0
0.753,0.686,0.225,0.688,0.339,0.314,0.312,0.638,64,2.0,0.003,2.0,1.0
0.857,0.883,0.499,0.478,0.488,0.064,0.522,0.638,64,2.0,0.005,0.5,1.0
0.744,0.675,0.217,0.681,0.329,0.326,0.319,0.638,64,2.0,0.005,1.0,1.0
0.759,0.704,0.231,0.658,0.342,0.29,0.342,0.638,64,2.0,0.005,2.0,1.0
0.746,0.667,0.212,0.681,0.324,0.335,0.319,3.813,128,0.8,0.001,0.5,1.0
0.747,0.652,0.209,0.708,0.323,0.355,0.292,3.813,128,0.8,0.001,1.0,1.0
0.756,0.672,0.219,0.704,0.335,0.332,0.296,3.813,128,0.8,0.001,2.0,1.0
0.755,0.674,0.222,0.711,0.338,0.33,0.289,3.813,128,0.8,0.003,0.5,1.0
0.766,0.686,0.228,0.704,0.344,0.316,0.296,3.813,128,0.8,0.003,1.0,1.0
0.737,0.662,0.21,0.685,0.322,0.342,0.315,3.813,128,0.8,0.003,2.0,1.0
0.79,0.753,0.273,0.667,0.388,0.235,0.333,3.813,128,0.8,0.005,0.5,1.0
0.762,0.72,0.244,0.663,0.356,0.273,0.337,3.813,128,0.8,0.005,1.0,1.0
0.757,0.69,0.226,0.682,0.34,0.309,0.318,3.813,128,0.8,0.005,2.0,1.0
0.738,0.65,0.205,0.69,0.316,0.355,0.31,2.013,128,1.1,0.001,0.5,1.0
0.723,0.674,0.209,0.638,0.314,0.321,0.362,2.013,128,1.1,0.001,1.0,1.0
0.771,0.667,0.22,0.724,0.338,0.34,0.276,2.013,128,1.1,0.001,2.0,1.0
0.775,0.694,0.233,0.706,0.351,0.308,0.294,2.013,128,1.1,0.003,0.5,1.0
0.742,0.69,0.222,0.657,0.332,0.305,0.343,2.013,128,1.1,0.003,1.0,1.0
0.751,0.678,0.22,0.687,0.333,0.323,0.313,2.013,128,1.1,0.003,2.0,1.0
0.817,0.806,0.332,0.653,0.44,0.174,0.347,2.013,128,1.1,0.005,0.5,1.0
0.75,0.678,0.218,0.679,0.33,0.322,0.321,2.013,128,1.1,0.005,1.0,1.0
0.808,0.772,0.295,0.683,0.412,0.216,0.317,2.013,128,1.1,0.005,2.0,1.0
0.728,0.662,0.21,0.686,0.322,0.342,0.314,1.293,128,1.5,0.001,0.5,1.0
0.765,0.681,0.223,0.697,0.338,0.321,0.303,1.293,128,1.5,0.001,1.0,1.0
0.745,0.662,0.212,0.694,0.325,0.342,0.306,1.293,128,1.5,0.001,2.0,1.0
0.749,0.678,0.22,0.688,0.333,0.323,0.312,1.293,128,1.5,0.003,0.5,1.0
0.746,0.661,0.214,0.709,0.329,0.345,0.291,1.293,128,1.5,0.003,1.0,1.0
0.792,0.728,0.256,0.698,0.375,0.269,0.302,1.293,128,1.5,0.003,2.0,1.0
0.797,0.761,0.281,0.669,0.396,0.226,0.331,1.293,128,1.5,0.005,0.5,1.0
0.761,0.704,0.233,0.665,0.345,0.291,0.335,1.293,128,1.5,0.005,1.0,1.0
0.752,0.685,0.222,0.679,0.335,0.314,0.321,1.293,128,1.5,0.005,2.0,1.0
0.74,0.682,0.214,0.644,0.322,0.312,0.356,0.91,128,2.0,0.001,0.5,1.0
0.739,0.662,0.209,0.677,0.319,0.34,0.323,0.91,128,2.0,0.001,1.0,1.0
0.733,0.637,0.202,0.712,0.315,0.372,0.288,0.91,128,2.0,0.001,2.0,1.0
0.745,0.674,0.218,0.692,0.332,0.328,0.308,0.91,128,2.0,0.003,0.5,1.0
0.762,0.653,0.213,0.732,0.33,0.357,0.268,0.91,128,2.0,0.003,1.0,1.0
0.772,0.692,0.233,0.71,0.35,0.31,0.29,0.91,128,2.0,0.003,2.0,1.0
0.771,0.711,0.24,0.679,0.355,0.285,0.321,0.91,128,2.0,0.005,0.5,1.0
0.727,0.657,0.203,0.661,0.31,0.344,0.339,0.91,128,2.0,0.005,1.0,1.0
0.833,0.792,0.324,0.718,0.447,0.198,0.282,0.91,128,2.0,0.005,2.0,1.0
0.743,0.685,0.218,0.651,0.326,0.31,0.349,2.114,16,0.8,0.001,0.5,0.5
0.8,0.782,0.302,0.658,0.414,0.201,0.342,2.114,16,0.8,0.001,1.0,0.5
0.774,0.696,0.233,0.697,0.349,0.304,0.303,2.114,16,0.8,0.001,2.0,0.5
0.747,0.699,0.224,0.642,0.333,0.294,0.358,2.114,16,0.8,0.003,0.5,0.5
0.858,0.864,0.44,0.591,0.505,0.099,0.409,2.114,16,0.8,0.003,1.0,0.5
0.78,0.761,0.277,0.647,0.388,0.224,0.353,2.114,16,0.8,0.003,2.0,0.5
0.846,0.854,0.417,0.618,0.498,0.114,0.382,2.114,16,0.8,0.005,0.5,0.5
0.864,0.847,0.407,0.677,0.508,0.131,0.323,2.114,16,0.8,0.005,1.0,0.5
0.863,0.843,0.4,0.683,0.505,0.136,0.317,2.114,16,0.8,0.005,2.0,0.5
0.757,0.672,0.217,0.689,0.33,0.33,0.311,1.058,16,1.1,0.001,0.5,0.5
0.757,0.701,0.233,0.677,0.346,0.296,0.323,1.058,16,1.1,0.001,1.0,0.5
0.712,0.7,0.212,0.577,0.31,0.284,0.423,1.058,16,1.1,0.001,2.0,0.5
0.786,0.774,0.29,0.643,0.4,0.208,0.357,1.058,16,1.1,0.003,0.5,0.5
0.811,0.857,0.411,0.508,0.455,0.096,0.492,1.058,16,1.1,0.003,1.0,0.5
0.808,0.767,0.293,0.702,0.414,0.224,0.298,1.058,16,1.1,0.003,2.0,0.5
0.851,0.867,0.447,0.584,0.506,0.096,0.416,1.058,16,1.1,0.005,0.5,0.5
0.831,0.838,0.382,0.618,0.472,0.133,0.382,1.058,16,1.1,0.005,1.0,0.5
0.884,0.865,0.446,0.636,0.524,0.105,0.364,1.058,16,1.1,0.005,2.0,0.5
0.752,0.698,0.225,0.649,0.334,0.296,0.351,0.643,16,1.5,0.001,0.5,0.5
0.742,0.675,0.215,0.674,0.326,0.325,0.326,0.643,16,1.5,0.001,1.0,0.5
0.825,0.815,0.348,0.661,0.456,0.164,0.339,0.643,16,1.5,0.001,2.0,0.5
0.811,0.767,0.289,0.681,0.406,0.222,0.319,0.643,16,1.5,0.003,0.5,0.5
0.842,0.839,0.389,0.658,0.489,0.137,0.342,0.643,16,1.5,0.003,1.0,0.5
0.866,0.888,0.523,0.5,0.511,0.06,0.5,0.643,16,1.5,0.003,2.0,0.5
0.845,0.861,0.429,0.569,0.489,0.1,0.431,0.643,16,1.5,0.005,0.5,0.5
0.835,0.823,0.359,0.654,0.463,0.155,0.346,0.643,16,1.5,0.005,1.0,0.5
0.824,0.817,0.349,0.657,0.456,0.162,0.343,0.643,16,1.5,0.005,2.0,0.5
0.768,0.695,0.231,0.688,0.345,0.304,0.312,0.449,16,2.0,0.001,0.5,0.5
0.789,0.728,0.258,0.705,0.378,0.269,0.295,0.449,16,2.0,0.001,1.0,0.5
0.744,0.665,0.211,0.681,0.322,0.337,0.319,0.449,16,2.0,0.001,2.0,0.5
0.813,0.855,0.406,0.522,0.457,0.101,0.478,0.449,16,2.0,0.003,0.5,0.5
0.817,0.812,0.34,0.644,0.445,0.166,0.356,0.449,16,2.0,0.003,1.0,0.5
0.879,0.861,0.439,0.679,0.533,0.115,0.321,0.449,16,2.0,0.003,2.0,0.5
0.867,0.87,0.456,0.59,0.514,0.093,0.41,0.449,16,2.0,0.005,0.5,0.5
0.847,0.88,0.487,0.456,0.471,0.063,0.544,0.449,16,2.0,0.005,1.0,0.5
0.851,0.86,0.428,0.6,0.5,0.106,0.4,0.449,16,2.0,0.005,2.0,0.5
0.738,0.686,0.216,0.638,0.323,0.307,0.362,2.763,32,0.8,0.001,0.5,0.5
0.758,0.694,0.227,0.673,0.34,0.304,0.327,2.763,32,0.8,0.001,1.0,0.5
0.74,0.681,0.217,0.662,0.327,0.316,0.338,2.763,32,0.8,0.001,2.0,0.5
0.798,0.748,0.275,0.703,0.395,0.246,0.297,2.763,32,0.8,0.003,0.5,0.5
0.744,0.675,0.217,0.681,0.329,0.326,0.319,2.763,32,0.8,0.003,1.0,0.5
0.735,0.689,0.217,0.636,0.323,0.304,0.364,2.763,32,0.8,0.003,2.0,0.5
0.856,0.869,0.453,0.588,0.512,0.094,0.412,2.763,32,0.8,0.005,0.5,0.5
0.835,0.839,0.385,0.626,0.476,0.133,0.374,2.763,32,0.8,0.005,1.0,0.5
0.769,0.794,0.297,0.56,0.389,0.175,0.44,2.763,32,0.8,0.005,2.0,0.5
0.755,0.672,0.22,0.711,0.336,0.334,0.289,1.419,32,1.1,0.001,0.5,0.5
0.747,0.666,0.211,0.679,0.322,0.336,0.321,1.419,32,1.1,0.001,1.0,0.5
0.735,0.682,0.213,0.638,0.32,0.312,0.362,1.419,32,1.1,0.001,2.0,0.5
0.75,0.714,0.236,0.646,0.346,0.277,0.354,1.419,32,1.1,0.003,0.5,0.5
0.774,0.716,0.244,0.681,0.36,0.28,0.319,1.419,32,1.1,0.003,1.0,0.5
0.752,0.691,0.224,0.669,0.336,0.307,0.331,1.419,32,1.1,0.003,2.0,0.5
0.833,0.865,0.437,0.524,0.477,0.089,0.476,1.419,32,1.1,0.005,0.5,0.5
0.768,0.753,0.264,0.623,0.371,0.23,0.377,1.419,32,1.1,0.005,1.0,0.5
0.867,0.849,0.412,0.681,0.514,0.129,0.319,1.419,32,1.1,0.005,2.0,0.5
0.747,0.682,0.218,0.664,0.328,0.315,0.336,0.904,32,1.5,0.001,0.5,0.5
0.745,0.683,0.221,0.681,0.334,0.317,0.319,0.904,32,1.5,0.001,1.0,0.5
0.757,0.674,0.22,0.703,0.336,0.33,0.297,0.904,32,1.5,0.001,2.0,0.5
0.759,0.678,0.221,0.696,0.336,0.324,0.304,0.904,32,1.5,0.003,0.5,0.5
0.764,0.698,0.232,0.684,0.347,0.3,0.316,0.904,32,1.5,0.003,1.0,0.5
0.765,0.701,0.232,0.676,0.346,0.296,0.324,0.904,32,1.5,0.003,2.0,0.5
0.726,0.698,0.221,0.626,0.326,0.293,0.374,0.904,32,1.5,0.005,0.5,0.5
0.771,0.713,0.243,0.686,0.359,0.283,0.314,0.904,32,1.5,0.005,1.0,0.5
0.795,0.741,0.267,0.696,0.386,0.253,0.304,0.904,32,1.5,0.005,2.0,0.5
0.755,0.677,0.22,0.693,0.334,0.325,0.307,0.638,32,2.0,0.001,0.5,0.5
0.756,0.726,0.243,0.634,0.351,0.262,0.366,0.638,32,2.0,0.001,1.0,0.5
0.745,0.655,0.212,0.718,0.327,0.354,0.282,0.638,32,2.0,0.001,2.0,0.5
0.768,0.708,0.237,0.674,0.351,0.287,0.326,0.638,32,2.0,0.003,0.5,0.5
0.776,0.757,0.27,0.634,0.379,0.227,0.366,0.638,32,2.0,0.003,1.0,0.5
0.799,0.79,0.309,0.647,0.419,0.192,0.353,0.638,32,2.0,0.003,2.0,0.5
0.79,0.745,0.269,0.685,0.386,0.247,0.315,0.638,32,2.0,0.005,0.5,0.5
0.819,0.828,0.363,0.622,0.458,0.145,0.378,0.638,32,2.0,0.005,1.0,0.5
0.753,0.706,0.23,0.644,0.339,0.285,0.356,0.638,32,2.0,0.005,2.0,0.5
0.75,0.673,0.219,0.699,0.333,0.331,0.301,3.813,64,0.8,0.001,0.5,0.5
0.719,0.67,0.203,0.622,0.306,0.324,0.378,3.813,64,0.8,0.001,1.0,0.5
0.719,0.663,0.203,0.644,0.309,0.334,0.356,3.813,64,0.8,0.001,2.0,0.5
0.767,0.685,0.226,0.698,0.341,0.316,0.302,3.813,64,0.8,0.003,0.5,0.5
0.753,0.669,0.216,0.698,0.33,0.335,0.302,3.813,64,0.8,0.003,1.0,0.5
0.754,0.675,0.22,0.699,0.335,0.328,0.301,3.813,64,0.8,0.003,2.0,0.5
0.721,0.672,0.202,0.613,0.304,0.321,0.387,3.813,64,0.8,0.005,0.5,0.5
0.738,0.686,0.22,0.664,0.331,0.311,0.336,3.813,64,0.8,0.005,1.0,0.5
0.761,0.701,0.231,0.668,0.343,0.295,0.332,3.813,64,0.8,0.005,2.0,0.5
0.715,0.679,0.207,0.614,0.309,0.312,0.386,2.013,64,1.1,0.001,0.5,0.5
0.729,0.653,0.204,0.679,0.314,0.35,0.321,2.013,64,1.1,0.001,1.0,0.5
0.739,0.673,0.215,0.677,0.326,0.328,0.323,2.013,64,1.1,0.001,2.0,0.5
0.719,0.699,0.216,0.599,0.318,0.288,0.401,2.013,64,1.1,0.003,0.5,0.5
0.735,0.686,0.217,0.647,0.325,0.309,0.353,2.013,64,1.1,0.003,1.0,0.5
0.753,0.695,0.226,0.664,0.337,0.301,0.336,2.013,64,1.1,0.003,2.0,0.5
0.745,0.677,0.219,0.687,0.333,0.324,0.313,2.013,64,1.1,0.005,0.5,0.5
0.78,0.745,0.263,0.658,0.376,0.244,0.342,2.013,64,1.1,0.005,1.0,0.5
0.753,0.696,0.227,0.666,0.339,0.3,0.334,2.013,64,1.1,0.005,2.0,0.5
0.741,0.654,0.209,0.702,0.322,0.353,0.298,1.293,64,1.5,0.001,0.5,0.5
0.757,0.668,0.218,0.714,0.335,0.338,0.286,1.293,64,1.5,0.001,1.0,0.5
0.743,0.659,0.209,0.685,0.32,0.344,0.315,1.293,64,1.5,0.001,2.0,0.5
0.743,0.662,0.213,0.703,0.327,0.344,0.297,1.293,64,1.5,0.003,0.5,0.5
0.767,0.69,0.228,0.69,0.343,0.31,0.31,1.293,64,1.5,0.003,1.0,0.5
0.775,0.703,0.238,0.696,0.354,0.296,0.304,1.293,64,1.5,0.003,2.0,0.5
0.761,0.694,0.228,0.679,0.341,0.304,0.321,1.293,64,1.5,0.005,0.5,0.5
0.809,0.782,0.305,0.681,0.422,0.205,0.319,1.293,64,1.5,0.005,1.0,0.5
0.777,0.695,0.234,0.704,0.351,0.306,0.296,1.293,64,1.5,0.005,2.0,0.5
0.727,0.652,0.201,0.665,0.309,0.35,0.335,0.91,64,2.0,0.001,0.5,0.5
0.745,0.682,0.221,0.681,0.334,0.318,0.319,0.91,64,2.0,0.001,1.0,0.5
0.707,0.653,0.201,0.66,0.308,0.348,0.34,0.91,64,2.0,0.001,2.0,0.5
0.747,0.679,0.218,0.672,0.329,0.32,0.328,0.91,64,2.0,0.003,0.5,0.5
0.75,0.691,0.225,0.67,0.336,0.306,0.33,0.91,64,2.0,0.003,1.0,0.5
0.726,0.688,0.212,0.614,0.316,0.302,0.386,0.91,64,2.0,0.003,2.0,0.5
0.761,0.709,0.236,0.665,0.349,0.285,0.335,0.91,64,2.0,0.005,0.5,0.5
0.745,0.671,0.214,0.675,0.325,0.329,0.325,0.91,64,2.0,0.005,1.0,0.5
0.759,0.706,0.234,0.665,0.346,0.289,0.335,0.91,64,2.0,0.005,2.0,0.5
0.675,0.664,0.191,0.578,0.287,0.325,0.422,5.525,128,0.8,0.001,0.5,0.5
0.702,0.605,0.18,0.67,0.284,0.403,0.33,5.525,128,0.8,0.001,1.0,0.5
0.71,0.629,0.187,0.647,0.29,0.373,0.353,5.525,128,0.8,0.001,2.0,0.5
0.755,0.683,0.222,0.684,0.335,0.318,0.316,5.525,128,0.8,0.003,0.5,0.5
0.759,0.678,0.222,0.698,0.337,0.325,0.302,5.525,128,0.8,0.003,1.0,0.5
0.727,0.66,0.206,0.667,0.314,0.342,0.333,5.525,128,0.8,0.003,2.0,0.5
0.735,0.66,0.209,0.685,0.321,0.343,0.315,5.525,128,0.8,0.005,0.5,0.5
0.761,0.691,0.229,0.693,0.344,0.309,0.307,5.525,128,0.8,0.005,1.0,0.5
0.752,0.669,0.214,0.683,0.325,0.333,0.317,5.525,128,0.8,0.005,2.0,0.5
0.743,0.643,0.207,0.727,0.323,0.368,0.273,2.918,128,1.1,0.001,0.5,0.5
0.733,0.658,0.207,0.681,0.318,0.345,0.319,2.918,128,1.1,0.001,1.0,0.5
0.746,0.65,0.208,0.711,0.322,0.358,0.289,2.918,128,1.1,0.001,2.0,0.5
0.748,0.67,0.215,0.687,0.327,0.333,0.313,2.918,128,1.1,0.003,0.5,0.5
0.732,0.663,0.208,0.672,0.318,0.338,0.328,2.918,128,1.1,0.003,1.0,0.5
0.751,0.685,0.222,0.674,0.334,0.313,0.326,2.918,128,1.1,0.003,2.0,0.5
0.752,0.695,0.227,0.665,0.338,0.301,0.335,2.918,128,1.1,0.005,0.5,0.5
0.752,0.679,0.22,0.686,0.334,0.322,0.314,2.918,128,1.1,0.005,1.0,0.5
0.715,0.66,0.201,0.641,0.306,0.337,0.359,2.918,128,1.1,0.005,2.0,0.5
0.724,0.644,0.197,0.664,0.304,0.358,0.336,1.86,128,1.5,0.001,0.5,0.5
0.72,0.661,0.202,0.642,0.307,0.336,0.358,1.86,128,1.5,0.001,1.0,0.5
0.732,0.662,0.208,0.676,0.318,0.34,0.324,1.86,128,1.5,0.001,2.0,0.5
0.747,0.665,0.212,0.682,0.323,0.337,0.318,1.86,128,1.5,0.003,0.5,0.5
0.75,0.674,0.217,0.687,0.33,0.328,0.313,1.86,128,1.5,0.003,1.0,0.5
0.731,0.691,0.218,0.635,0.325,0.302,0.365,1.86,128,1.5,0.003,2.0,0.5
0.735,0.666,0.211,0.676,0.321,0.336,0.324,1.86,128,1.5,0.005,0.5,0.5
0.75,0.68,0.219,0.676,0.331,0.32,0.324,1.86,128,1.5,0.005,1.0,0.5
0.755,0.684,0.222,0.679,0.334,0.315,0.321,1.86,128,1.5,0.005,2.0,0.5
0.457,0.775,0.088,0.099,0.093,0.136,0.901,1.302,128,2.0,0.001,0.5,0.5
0.73,0.655,0.204,0.671,0.313,0.347,0.329,1.302,128,2.0,0.001,1.0,0.5
0.732,0.647,0.203,0.692,0.314,0.359,0.308,1.302,128,2.0,0.001,2.0,0.5
0.743,0.666,0.213,0.686,0.325,0.337,0.314,1.302,128,2.0,0.003,0.5,0.5
0.74,0.676,0.218,0.683,0.331,0.324,0.317,1.302,128,2.0,0.003,1.0,0.5
0.718,0.669,0.204,0.631,0.308,0.326,0.369,1.302,128,2.0,0.003,2.0,0.5
0.761,0.67,0.218,0.706,0.333,0.335,0.294,1.302,128,2.0,0.005,0.5,0.5
0.75,0.665,0.214,0.696,0.327,0.339,0.304,1.302,128,2.0,0.005,1.0,0.5
0.735,0.672,0.214,0.675,0.325,0.329,0.325,1.302,128,2.0,0.005,2.0,0.5
0.73,0.641,0.197,0.672,0.305,0.363,0.328,4.277,16,0.8,0.001,0.5,0.1
0.714,0.653,0.198,0.642,0.302,0.345,0.358,4.277,16,0.8,0.001,1.0,0.1
0.719,0.69,0.216,0.629,0.322,0.302,0.371,4.277,16,0.8,0.001,2.0,0.1
0.73,0.704,0.223,0.614,0.327,0.284,0.386,4.277,16,0.8,0.003,0.5,0.1
0.741,0.728,0.236,0.595,0.338,0.255,0.405,4.277,16,0.8,0.003,1.0,0.1
0.732,0.685,0.219,0.659,0.329,0.311,0.341,4.277,16,0.8,0.003,2.0,0.1
0.762,0.706,0.236,0.677,0.35,0.29,0.323,4.277,16,0.8,0.005,0.5,0.1
0.76,0.754,0.26,0.6,0.363,0.226,0.4,4.277,16,0.8,0.005,1.0,0.1
0.768,0.752,0.265,0.634,0.374,0.233,0.366,4.277,16,0.8,0.005,2.0,0.1
0.713,0.658,0.2,0.643,0.306,0.34,0.357,2.266,16,1.1,0.001,0.5,0.1
0.73,0.683,0.216,0.652,0.325,0.313,0.348,2.266,16,1.1,0.001,1.0,0.1
0.725,0.685,0.214,0.629,0.319,0.307,0.371,2.266,16,1.1,0.001,2.0,0.1
0.753,0.714,0.233,0.627,0.339,0.274,0.373,2.266,16,1.1,0.003,0.5,0.1
0.736,0.674,0.213,0.665,0.323,0.325,0.335,2.266,16,1.1,0.003,1.0,0.1
0.736,0.673,0.215,0.677,0.327,0.327,0.323,2.266,16,1.1,0.003,2.0,0.1
0.749,0.772,0.266,0.543,0.357,0.198,0.457,2.266,16,1.1,0.005,0.5,0.1
0.737,0.786,0.276,0.509,0.358,0.177,0.491,2.266,16,1.1,0.005,1.0,0.1
0.762,0.755,0.266,0.625,0.373,0.228,0.375,2.266,16,1.1,0.005,2.0,0.1
0.689,0.643,0.188,0.614,0.287,0.353,0.386,1.453,16,1.5,0.001,0.5,0.1
0.72,0.663,0.207,0.667,0.316,0.338,0.333,1.453,16,1.5,0.001,1.0,0.1
0.703,0.645,0.192,0.631,0.294,0.353,0.369,1.453,16,1.5,0.001,2.0,0.1
0.74,0.687,0.218,0.646,0.326,0.307,0.354,1.453,16,1.5,0.003,0.5,0.1
0.731,0.696,0.219,0.621,0.323,0.294,0.379,1.453,16,1.5,0.003,1.0,0.1
0.768,0.71,0.237,0.668,0.35,0.285,0.332,1.453,16,1.5,0.003,2.0,0.1
0.733,0.766,0.261,0.547,0.354,0.205,0.453,1.453,16,1.5,0.005,0.5,0.1
0.713,0.818,0.284,0.367,0.32,0.122,0.633,1.453,16,1.5,0.005,1.0,0.1
0.73,0.67,0.21,0.662,0.319,0.329,0.338,1.453,16,1.5,0.005,2.0,0.1
0.745,0.665,0.214,0.693,0.326,0.338,0.307,1.021,16,2.0,0.001,0.5,0.1
0.716,0.671,0.203,0.62,0.306,0.322,0.38,1.021,16,2.0,0.001,1.0,0.1
0.728,0.698,0.225,0.645,0.333,0.294,0.355,1.021,16,2.0,0.001,2.0,0.1
0.757,0.698,0.228,0.663,0.339,0.297,0.337,1.021,16,2.0,0.003,0.5,0.1
0.758,0.735,0.251,0.637,0.36,0.252,0.363,1.021,16,2.0,0.003,1.0,0.1
0.745,0.762,0.262,0.57,0.359,0.212,0.43,1.021,16,2.0,0.003,2.0,0.1
0.74,0.707,0.227,0.627,0.333,0.283,0.373,1.021,16,2.0,0.005,0.5,0.1
0.752,0.772,0.27,0.559,0.364,0.2,0.441,1.021,16,2.0,0.005,1.0,0.1
0.734,0.68,0.215,0.652,0.323,0.316,0.348,1.021,16,2.0,0.005,2.0,0.1
0.702,0.668,0.199,0.606,0.299,0.324,0.394,6.253,32,0.8,0.001,0.5,0.1
0.717,0.665,0.198,0.611,0.299,0.328,0.389,6.253,32,0.8,0.001,1.0,0.1
0.693,0.656,0.193,0.61,0.293,0.338,0.39,6.253,32,0.8,0.001,2.0,0.1
0.729,0.722,0.225,0.564,0.322,0.257,0.436,6.253,32,0.8,0.003,0.5,0.1
0.69,0.7,0.2,0.521,0.289,0.276,0.479,6.253,32,0.8,0.003,1.0,0.1
0.718,0.659,0.2,0.636,0.304,0.338,0.364,6.253,32,0.8,0.003,2.0,0.1
0.723,0.693,0.213,0.602,0.314,0.295,0.398,6.253,32,0.8,0.005,0.5,0.1
0.719,0.729,0.228,0.553,0.323,0.248,0.447,6.253,32,0.8,0.005,1.0,0.1
0.726,0.686,0.216,0.642,0.324,0.308,0.358,6.253,32,0.8,0.005,2.0,0.1
0.643,0.763,0.204,0.353,0.259,0.182,0.647,3.296,32,1.1,0.001,0.5,0.1
0.696,0.653,0.192,0.612,0.292,0.342,0.388,3.296,32,1.1,0.001,1.0,0.1
0.7,0.646,0.191,0.628,0.293,0.351,0.372,3.296,32,1.1,0.001,2.0,0.1
0.744,0.732,0.242,0.603,0.345,0.251,0.397,3.296,32,1.1,0.003,0.5,0.1
0.712,0.669,0.2,0.609,0.301,0.323,0.391,3.296,32,1.1,0.003,1.0,0.1
0.748,0.735,0.245,0.607,0.349,0.247,0.393,3.296,32,1.1,0.003,2.0,0.1
0.728,0.767,0.245,0.478,0.324,0.195,0.522,3.296,32,1.1,0.005,0.5,0.1
0.735,0.713,0.229,0.614,0.334,0.274,0.386,3.296,32,1.1,0.005,1.0,0.1
0.732,0.7,0.223,0.626,0.328,0.29,0.374,3.296,32,1.1,0.005,2.0,0.1
0.709,0.633,0.188,0.646,0.292,0.369,0.354,2.093,32,1.5,0.001,0.5,0.1
0.714,0.626,0.194,0.697,0.304,0.383,0.303,2.093,32,1.5,0.001,1.0,0.1
0.711,0.631,0.192,0.673,0.299,0.375,0.327,2.093,32,1.5,0.001,2.0,0.1
0.718,0.624,0.189,0.672,0.295,0.383,0.328,2.093,32,1.5,0.003,0.5,0.1
0.713,0.687,0.209,0.605,0.311,0.303,0.395,2.093,32,1.5,0.003,1.0,0.1
0.708,0.673,0.203,0.611,0.304,0.319,0.389,2.093,32,1.5,0.003,2.0,0.1
0.743,0.715,0.233,0.629,0.34,0.274,0.371,2.093,32,1.5,0.005,0.5,0.1
0.713,0.693,0.211,0.593,0.311,0.293,0.407,2.093,32,1.5,0.005,1.0,0.1
0.731,0.703,0.219,0.602,0.321,0.284,0.398,2.093,32,1.5,0.005,2.0,0.1
0.7,0.641,0.191,0.638,0.294,0.358,0.362,1.462,32,2.0,0.001,0.5,0.1
0.688,0.605,0.178,0.656,0.28,0.402,0.344,1.462,32,2.0,0.001,1.0,0.1
0.666,0.638,0.182,0.596,0.278,0.356,0.404,1.462,32,2.0,0.001,2.0,0.1
0.72,0.702,0.214,0.579,0.313,0.282,0.421,1.462,32,2.0,0.003,0.5,0.1
0.731,0.656,0.206,0.682,0.317,0.348,0.318,1.462,32,2.0,0.003,1.0,0.1
0.729,0.689,0.219,0.646,0.327,0.305,0.354,1.462,32,2.0,0.003,2.0,0.1
0.751,0.734,0.246,0.613,0.351,0.25,0.387,1.462,32,2.0,0.005,0.5,0.1
0.735,0.683,0.216,0.649,0.324,0.312,0.351,1.462,32,2.0,0.005,1.0,0.1
0.739,0.728,0.239,0.605,0.343,0.255,0.395,1.462,32,2.0,0.005,2.0,0.1
0.56,0.55,0.14,0.552,0.223,0.45,0.448,9.233,64,0.8,0.001,0.5,0.1
0.482,0.661,0.125,0.316,0.179,0.293,0.684,9.233,64,0.8,0.001,1.0,0.1
0.723,0.643,0.201,0.689,0.311,0.363,0.311,9.233,64,0.8,0.001,2.0,0.1
0.712,0.635,0.195,0.678,0.303,0.371,0.322,9.233,64,0.8,0.003,0.5,0.1
0.657,0.555,0.162,0.67,0.26,0.461,0.33,9.233,64,0.8,0.003,1.0,0.1
0.718,0.677,0.208,0.629,0.313,0.317,0.371,9.233,64,0.8,0.003,2.0,0.1
0.701,0.715,0.217,0.549,0.311,0.263,0.451,9.233,64,0.8,0.005,0.5,0.1
0.722,0.659,0.204,0.662,0.312,0.342,0.338,9.233,64,0.8,0.005,1.0,0.1
0.691,0.624,0.179,0.619,0.278,0.376,0.381,9.233,64,0.8,0.005,2.0,0.1
0.611,0.829,0.216,0.175,0.193,0.084,0.825,4.839,64,1.1,0.001,0.5,0.1
0.696,0.619,0.181,0.639,0.282,0.384,0.361,4.839,64,1.1,0.001,1.0,0.1
0.706,0.602,0.183,0.694,0.29,0.41,0.306,4.839,64,1.1,0.001,2.0,0.1
0.727,0.678,0.208,0.624,0.312,0.314,0.376,4.839,64,1.1,0.003,0.5,0.1
0.736,0.687,0.218,0.65,0.327,0.308,0.35,4.839,64,1.1,0.003,1.0,0.1
0.711,0.652,0.196,0.635,0.299,0.346,0.365,4.839,64,1.1,0.003,2.0,0.1
0.724,0.668,0.208,0.655,0.316,0.331,0.345,4.839,64,1.1,0.005,0.5,0.1
0.729,0.684,0.213,0.634,0.319,0.31,0.366,4.839,64,1.1,0.005,1.0,0.1
0.737,0.688,0.221,0.66,0.331,0.308,0.34,4.839,64,1.1,0.005,2.0,0.1
0.685,0.519,0.164,0.762,0.271,0.513,0.238,3.035,64,1.5,0.001,0.5,0.1
0.701,0.62,0.185,0.66,0.289,0.385,0.34,3.035,64,1.5,0.001,1.0,0.1
0.459,0.33,0.109,0.656,0.186,0.713,0.344,3.035,64,1.5,0.001,2.0,0.1
0.732,0.67,0.211,0.664,0.32,0.329,0.336,3.035,64,1.5,0.003,0.5,0.1
0.715,0.654,0.203,0.669,0.312,0.348,0.331,3.035,64,1.5,0.003,1.0,0.1
0.706,0.654,0.196,0.634,0.3,0.344,0.366,3.035,64,1.5,0.003,2.0,0.1
0.714,0.656,0.2,0.646,0.305,0.342,0.354,3.035,64,1.5,0.005,0.5,0.1
0.722,0.667,0.206,0.647,0.312,0.331,0.353,3.035,64,1.5,0.005,1.0,0.1
0.729,0.685,0.213,0.626,0.317,0.307,0.374,3.035,64,1.5,0.005,2.0,0.1
0.551,0.523,0.134,0.563,0.216,0.483,0.437,2.105,64,2.0,0.001,0.5,0.1
0.646,0.464,0.15,0.767,0.251,0.576,0.233,2.105,64,2.0,0.001,1.0,0.1
0.491,0.68,0.135,0.321,0.19,0.273,0.679,2.105,64,2.0,0.001,2.0,0.1
0.716,0.668,0.206,0.642,0.312,0.328,0.358,2.105,64,2.0,0.003,0.5,0.1
0.73,0.659,0.207,0.677,0.317,0.343,0.323,2.105,64,2.0,0.003,1.0,0.1
0.744,0.694,0.222,0.644,0.33,0.3,0.356,2.105,64,2.0,0.003,2.0,0.1
0.739,0.689,0.219,0.646,0.327,0.305,0.354,2.105,64,2.0,0.005,0.5,0.1
0.716,0.674,0.207,0.629,0.311,0.32,0.371,2.105,64,2.0,0.005,1.0,0.1
0.706,0.693,0.209,0.58,0.307,0.292,0.42,2.105,64,2.0,0.005,2.0,0.1
0.552,0.879,0.244,0.018,0.033,0.007,0.982,13.785,128,0.8,0.001,0.5,0.1
0.649,0.484,0.157,0.777,0.261,0.554,0.223,13.785,128,0.8,0.001,1.0,0.1
0.665,0.443,0.148,0.788,0.249,0.603,0.212,13.785,128,0.8,0.001,2.0,0.1
0.703,0.606,0.183,0.683,0.289,0.404,0.317,13.785,128,0.8,0.003,0.5,0.1
0.589,0.506,0.148,0.676,0.242,0.517,0.324,13.785,128,0.8,0.003,1.0,0.1
0.701,0.639,0.19,0.639,0.293,0.361,0.361,13.785,128,0.8,0.003,2.0,0.1
0.726,0.642,0.201,0.692,0.311,0.365,0.308,13.785,128,0.8,0.005,0.5,0.1
0.727,0.664,0.208,0.666,0.317,0.336,0.334,13.785,128,0.8,0.005,1.0,0.1
0.711,0.651,0.191,0.612,0.291,0.344,0.388,13.785,128,0.8,0.005,2.0,0.1
0.462,0.837,0.034,0.014,0.02,0.053,0.986,7.17,128,1.1,0.001,0.5,0.1
0.708,0.583,0.182,0.735,0.292,0.437,0.265,7.17,128,1.1,0.001,1.0,0.1
0.677,0.56,0.172,0.72,0.277,0.461,0.28,7.17,128,1.1,0.001,2.0,0.1
0.715,0.659,0.203,0.657,0.31,0.341,0.343,7.17,128,1.1,0.003,0.5,0.1
0.726,0.653,0.199,0.648,0.304,0.346,0.352,7.17,128,1.1,0.003,1.0,0.1
0.712,0.617,0.192,0.706,0.301,0.395,0.294,7.17,128,1.1,0.003,2.0,0.1
0.719,0.609,0.187,0.698,0.295,0.402,0.302,7.17,128,1.1,0.005,0.5,0.1
0.708,0.654,0.194,0.622,0.296,0.342,0.378,7.17,128,1.1,0.005,1.0,0.1
0.722,0.665,0.201,0.629,0.305,0.33,0.371,7.17,128,1.1,0.005,2.0,0.1
0.429,0.851,0.104,0.036,0.053,0.041,0.964,4.446,128,1.5,0.001,0.5,0.1
0.655,0.518,0.159,0.728,0.261,0.51,0.272,4.446,128,1.5,0.001,1.0,0.1
0.652,0.535,0.157,0.681,0.255,0.485,0.319,4.446,128,1.5,0.001,2.0,0.1
0.724,0.653,0.203,0.669,0.311,0.349,0.331,4.446,128,1.5,0.003,0.5,0.1
0.685,0.629,0.186,0.644,0.289,0.373,0.356,4.446,128,1.5,0.003,1.0,0.1
0.701,0.645,0.192,0.635,0.295,0.353,0.365,4.446,128,1.5,0.003,2.0,0.1
0.707,0.666,0.199,0.612,0.3,0.327,0.388,4.446,128,1.5,0.005,0.5,0.1
0.707,0.66,0.201,0.638,0.305,0.337,0.362,4.446,128,1.5,0.005,1.0,0.1
0.734,0.682,0.213,0.641,0.32,0.313,0.359,4.446,128,1.5,0.005,2.0,0.1
0.531,0.877,0.183,0.014,0.026,0.008,0.986,3.051,128,2.0,0.001,0.5,0.1
0.682,0.551,0.174,0.756,0.283,0.476,0.244,3.051,128,2.0,0.001,1.0,0.1
0.713,0.601,0.183,0.695,0.29,0.411,0.305,3.051,128,2.0,0.001,2.0,0.1
0.456,0.64,0.101,0.262,0.145,0.31,0.738,3.051,128,2.0,0.003,0.5,0.1
0.699,0.627,0.188,0.658,0.292,0.377,0.342,3.051,128,2.0,0.003,1.0,0.1
0.589,0.517,0.143,0.626,0.233,0.497,0.374,3.051,128,2.0,0.003,2.0,0.1
0.7,0.594,0.183,0.715,0.292,0.422,0.285,3.051,128,2.0,0.005,0.5,0.1
0.73,0.667,0.212,0.681,0.324,0.335,0.319,3.051,128,2.0,0.005,1.0,0.1
0.678,0.628,0.179,0.607,0.276,0.369,0.393,3.051,128,2.0,0.005,2.0,0.1
0.708,0.663,0.201,0.631,0.305,0.332,0.369,6.253,16,0.8,0.001,0.5,0.05
0.652,0.599,0.17,0.627,0.268,0.405,0.373,6.253,16,0.8,0.001,1.0,0.05
0.717,0.635,0.194,0.673,0.301,0.371,0.327,6.253,16,0.8,0.001,2.0,0.05
0.684,0.751,0.226,0.465,0.304,0.211,0.535,6.253,16,0.8,0.003,0.5,0.05
0.706,0.707,0.215,0.57,0.313,0.275,0.43,6.253,16,0.8,0.003,1.0,0.05
0.715,0.702,0.222,0.616,0.326,0.286,0.384,6.253,16,0.8,0.003,2.0,0.05
0.741,0.819,0.312,0.452,0.369,0.132,0.548,6.253,16,0.8,0.005,0.5,0.05
0.713,0.761,0.243,0.494,0.326,0.204,0.506,6.253,16,0.8,0.005,1.0,0.05
0.746,0.76,0.263,0.579,0.361,0.216,0.421,6.253,16,0.8,0.005,2.0,0.05
0.719,0.666,0.205,0.647,0.312,0.332,0.353,3.296,16,1.1,0.001,0.5,0.05
0.732,0.69,0.217,0.631,0.323,0.302,0.369,3.296,16,1.1,0.001,1.0,0.05
0.698,0.631,0.191,0.666,0.297,0.374,0.334,3.296,16,1.1,0.001,2.0,0.05
0.729,0.742,0.24,0.558,0.336,0.234,0.442,3.296,16,1.1,0.003,0.5,0.05
0.708,0.686,0.205,0.586,0.304,0.301,0.414,3.296,16,1.1,0.003,1.0,0.05
0.724,0.664,0.204,0.647,0.311,0.333,0.353,3.296,16,1.1,0.003,2.0,0.05
0.726,0.835,0.318,0.361,0.338,0.103,0.639,3.296,16,1.1,0.005,0.5,0.05
0.72,0.733,0.227,0.534,0.318,0.241,0.466,3.296,16,1.1,0.005,1.0,0.05
0.703,0.767,0.244,0.472,0.322,0.193,0.528,3.296,16,1.1,0.005,2.0,0.05
0.711,0.656,0.194,0.617,0.295,0.339,0.383,2.093,16,1.5,0.001,0.5,0.05
0.651,0.611,0.167,0.581,0.259,0.385,0.419,2.093,16,1.5,0.001,1.0,0.05
0.682,0.579,0.171,0.673,0.272,0.433,0.327,2.093,16,1.5,0.001,2.0,0.05
0.716,0.71,0.215,0.558,0.31,0.27,0.442,2.093,16,1.5,0.003,0.5,0.05
0.695,0.62,0.184,0.652,0.287,0.384,0.348,2.093,16,1.5,0.003,1.0,0.05
0.719,0.664,0.206,0.657,0.314,0.336,0.343,2.093,16,1.5,0.003,2.0,0.05
0.742,0.764,0.256,0.535,0.347,0.206,0.465,2.093,16,1.5,0.005,0.5,0.05
0.745,0.867,0.413,0.325,0.364,0.061,0.675,2.093,16,1.5,0.005,1.0,0.05
0.755,0.731,0.246,0.627,0.353,0.255,0.373,2.093,16,1.5,0.005,2.0,0.05
0.596,0.621,0.152,0.489,0.232,0.361,0.511,1.462,16,2.0,0.001,0.5,0.05
0.643,0.566,0.161,0.645,0.258,0.444,0.355,1.462,16,2.0,0.001,1.0,0.05
0.698,0.643,0.19,0.63,0.292,0.356,0.37,1.462,16,2.0,0.001,2.0,0.05
0.693,0.704,0.21,0.556,0.305,0.277,0.444,1.462,16,2.0,0.003,0.5,0.05
0.748,0.684,0.22,0.667,0.331,0.314,0.333,1.462,16,2.0,0.003,1.0,0.05
0.748,0.7,0.225,0.641,0.333,0.293,0.359,1.462,16,2.0,0.003,2.0,0.05
0.741,0.767,0.259,0.531,0.348,0.202,0.469,1.462,16,2.0,0.005,0.5,0.05
0.735,0.85,0.356,0.352,0.354,0.084,0.648,1.462,16,2.0,0.005,1.0,0.05
0.747,0.741,0.247,0.592,0.348,0.239,0.408,1.462,16,2.0,0.005,2.0,0.05
0.478,0.318,0.109,0.676,0.188,0.73,0.324,9.233,32,0.8,0.001,0.5,0.05
0.534,0.672,0.134,0.33,0.191,0.282,0.67,9.233,32,0.8,0.001,1.0,0.05
0.699,0.62,0.187,0.671,0.292,0.387,0.329,9.233,32,0.8,0.001,2.0,0.05
0.724,0.669,0.208,0.652,0.316,0.329,0.348,9.233,32,0.8,0.003,0.5,0.05
0.695,0.666,0.193,0.584,0.29,0.323,0.416,9.233,32,0.8,0.003,1.0,0.05
0.647,0.585,0.16,0.602,0.253,0.417,0.398,9.233,32,0.8,0.003,2.0,0.05
0.707,0.708,0.213,0.557,0.309,0.272,0.443,9.233,32,0.8,0.005,0.5,0.05
0.748,0.679,0.218,0.676,0.33,0.321,0.324,9.233,32,0.8,0.005,1.0,0.05
0.711,0.694,0.202,0.548,0.295,0.287,0.452,9.233,32,0.8,0.005,2.0,0.05
0.467,0.879,0.073,0.003,0.005,0.005,0.997,4.839,32,1.1,0.001,0.5,0.05
0.705,0.617,0.19,0.698,0.299,0.394,0.302,4.839,32,1.1,0.001,1.0,0.05
0.597,0.514,0.137,0.597,0.223,0.498,0.403,4.839,32,1.1,0.001,2.0,0.05
0.732,0.708,0.224,0.607,0.327,0.278,0.393,4.839,32,1.1,0.003,0.5,0.05
0.71,0.621,0.185,0.656,0.288,0.383,0.344,4.839,32,1.1,0.003,1.0,0.05
0.718,0.676,0.208,0.63,0.313,0.318,0.37,4.839,32,1.1,0.003,2.0,0.05
0.735,0.661,0.21,0.685,0.321,0.342,0.315,4.839,32,1.1,0.005,0.5,0.05
0.694,0.699,0.203,0.538,0.295,0.28,0.462,4.839,32,1.1,0.005,1.0,0.05
0.718,0.64,0.196,0.67,0.303,0.365,0.33,4.839,32,1.1,0.005,2.0,0.05
0.686,0.606,0.174,0.632,0.273,0.397,0.368,3.035,32,1.5,0.001,0.5,0.05
0.711,0.647,0.197,0.657,0.304,0.354,0.343,3.035,32,1.5,0.001,1.0,0.05
0.629,0.87,0.244,0.052,0.086,0.021,0.948,3.035,32,1.5,0.001,2.0,0.05
0.63,0.653,0.171,0.511,0.257,0.328,0.489,3.035,32,1.5,0.003,0.5,0.05
0.712,0.659,0.202,0.649,0.308,0.34,0.351,3.035,32,1.5,0.003,1.0,0.05
0.699,0.688,0.203,0.571,0.3,0.297,0.429,3.035,32,1.5,0.003,2.0,0.05
0.7,0.706,0.211,0.553,0.306,0.273,0.447,3.035,32,1.5,0.005,0.5,0.05
0.714,0.704,0.214,0.57,0.311,0.278,0.43,3.035,32,1.5,0.005,1.0,0.05
0.753,0.728,0.244,0.632,0.352,0.259,0.368,3.035,32,1.5,0.005,2.0,0.05
0.685,0.625,0.185,0.646,0.287,0.378,0.354,2.105,32,2.0,0.001,0.5,0.05
0.675,0.625,0.177,0.603,0.273,0.372,0.397,2.105,32,2.0,0.001,1.0,0.05
0.604,0.531,0.147,0.625,0.238,0.481,0.375,2.105,32,2.0,0.001,2.0,0.05
0.735,0.676,0.213,0.66,0.322,0.322,0.34,2.105,32,2.0,0.003,0.5,0.05
0.705,0.614,0.188,0.692,0.296,0.396,0.308,2.105,32,2.0,0.003,1.0,0.05
0.645,0.629,0.169,0.554,0.259,0.361,0.446,2.105,32,2.0,0.003,2.0,0.05
0.749,0.682,0.218,0.663,0.328,0.315,0.337,2.105,32,2.0,0.005,0.5,0.05
0.696,0.66,0.195,0.607,0.295,0.333,0.393,2.105,32,2.0,0.005,1.0,0.05
0.677,0.581,0.175,0.692,0.279,0.433,0.308,2.105,32,2.0,0.005,2.0,0.05
0.503,0.51,0.118,0.492,0.19,0.488,0.508,13.785,64,0.8,0.001,0.5,0.05
0.707,0.597,0.182,0.7,0.289,0.417,0.3,13.785,64,0.8,0.001,1.0,0.05
0.668,0.506,0.155,0.721,0.255,0.523,0.279,13.785,64,0.8,0.001,2.0,0.05
0.721,0.635,0.196,0.685,0.305,0.372,0.315,13.785,64,0.8,0.003,0.5,0.05
0.501,0.435,0.111,0.544,0.184,0.58,0.456,13.785,64,0.8,0.003,1.0,0.05
0.734,0.646,0.203,0.696,0.315,0.361,0.304,13.785,64,0.8,0.003,2.0,0.05
0.702,0.667,0.197,0.601,0.297,0.324,0.399,13.785,64,0.8,0.005,0.5,0.05
0.733,0.664,0.208,0.667,0.317,0.336,0.333,13.785,64,0.8,0.005,1.0,0.05
0.702,0.652,0.197,0.639,0.301,0.346,0.361,13.785,64,0.8,0.005,2.0,0.05
0.568,0.46,0.129,0.629,0.214,0.563,0.371,7.17,64,1.1,0.001,0.5,0.05
0.446,0.517,0.096,0.372,0.153,0.464,0.628,7.17,64,1.1,0.001,1.0,0.05
0.699,0.561,0.177,0.755,0.287,0.464,0.245,7.17,64,1.1,0.001,2.0,0.05
0.7,0.626,0.192,0.685,0.3,0.382,0.315,7.17,64,1.1,0.003,0.5,0.05
0.705,0.591,0.182,0.714,0.29,0.425,0.286,7.17,64,1.1,0.003,1.0,0.05
0.469,0.435,0.109,0.533,0.181,0.578,0.467,7.17,64,1.1,0.003,2.0,0.05
0.701,0.693,0.2,0.541,0.292,0.286,0.459,7.17,64,1.1,0.005,0.5,0.05
0.72,0.692,0.213,0.604,0.314,0.296,0.396,7.17,64,1.1,0.005,1.0,0.05
0.669,0.572,0.172,0.698,0.276,0.445,0.302,7.17,64,1.1,0.005,2.0,0.05
0.401,0.786,0.076,0.075,0.075,0.12,0.925,4.446,64,1.5,0.001,0.5,0.05
0.601,0.883,0.0,0.0,0.0,0.0,1.0,4.446,64,1.5,0.001,1.0,0.05
0.687,0.591,0.177,0.684,0.281,0.422,0.316,4.446,64,1.5,0.001,2.0,0.05
0.422,0.702,0.075,0.136,0.096,0.223,0.864,4.446,64,1.5,0.003,0.5,0.05
0.684,0.617,0.175,0.611,0.272,0.382,0.389,4.446,64,1.5,0.003,1.0,0.05
0.688,0.606,0.182,0.674,0.286,0.403,0.326,4.446,64,1.5,0.003,2.0,0.05
0.509,0.628,0.12,0.345,0.178,0.334,0.655,4.446,64,1.5,0.005,0.5,0.05
0.705,0.618,0.187,0.677,0.293,0.39,0.323,4.446,64,1.5,0.005,1.0,0.05
0.709,0.676,0.203,0.604,0.304,0.314,0.396,4.446,64,1.5,0.005,2.0,0.05
0.545,0.597,0.134,0.447,0.206,0.383,0.553,3.051,64,2.0,0.001,0.5,0.05
0.683,0.612,0.18,0.651,0.282,0.393,0.349,3.051,64,2.0,0.001,1.0,0.05
0.461,0.527,0.106,0.411,0.169,0.457,0.589,3.051,64,2.0,0.001,2.0,0.05
0.732,0.612,0.189,0.708,0.299,0.401,0.292,3.051,64,2.0,0.003,0.5,0.05
0.705,0.648,0.193,0.629,0.295,0.35,0.371,3.051,64,2.0,0.003,1.0,0.05
0.701,0.618,0.186,0.67,0.291,0.389,0.33,3.051,64,2.0,0.003,2.0,0.05
0.723,0.64,0.199,0.688,0.309,0.366,0.312,3.051,64,2.0,0.005,0.5,0.05
0.717,0.655,0.201,0.655,0.308,0.345,0.345,3.051,64,2.0,0.005,1.0,0.05
0.682,0.616,0.183,0.66,0.287,0.389,0.34,3.051,64,2.0,0.005,2.0,0.05
0.675,0.547,0.164,0.701,0.266,0.474,0.299,20.006,128,0.8,0.001,0.5,0.05
0.654,0.582,0.166,0.639,0.263,0.426,0.361,20.006,128,0.8,0.001,1.0,0.05
0.646,0.466,0.15,0.766,0.251,0.574,0.234,20.006,128,0.8,0.001,2.0,0.05
0.658,0.573,0.17,0.681,0.272,0.441,0.319,20.006,128,0.8,0.003,0.5,0.05
0.501,0.532,0.118,0.464,0.188,0.459,0.536,20.006,128,0.8,0.003,1.0,0.05
0.701,0.641,0.189,0.629,0.291,0.357,0.371,20.006,128,0.8,0.003,2.0,0.05
0.44,0.772,0.107,0.129,0.117,0.143,0.871,20.006,128,0.8,0.005,0.5,0.05
0.692,0.564,0.175,0.733,0.282,0.458,0.267,20.006,128,0.8,0.005,1.0,0.05
0.656,0.524,0.164,0.75,0.269,0.506,0.25,20.006,128,0.8,0.005,2.0,0.05
0.523,0.866,0.211,0.054,0.086,0.027,0.946,10.708,128,1.1,0.001,0.5,0.05
0.54,0.623,0.126,0.372,0.188,0.343,0.628,10.708,128,1.1,0.001,1.0,0.05
0.721,0.557,0.181,0.791,0.295,0.474,0.209,10.708,128,1.1,0.001,2.0,0.05
0.475,0.375,0.104,0.572,0.176,0.651,0.428,10.708,128,1.1,0.003,0.5,0.05
0.442,0.363,0.103,0.574,0.174,0.665,0.426,10.708,128,1.1,0.003,1.0,0.05
0.693,0.627,0.187,0.654,0.291,0.377,0.346,10.708,128,1.1,0.003,2.0,0.05
0.689,0.634,0.188,0.639,0.29,0.367,0.361,10.708,128,1.1,0.005,0.5,0.05
0.69,0.616,0.184,0.663,0.287,0.391,0.337,10.708,128,1.1,0.005,1.0,0.05
0.661,0.507,0.16,0.756,0.264,0.526,0.244,10.708,128,1.1,0.005,2.0,0.05
0.591,0.88,0.255,0.013,0.025,0.005,0.987,6.546,128,1.5,0.001,0.5,0.05
0.459,0.665,0.093,0.213,0.129,0.275,0.787,6.546,128,1.5,0.001,1.0,0.05
0.434,0.883,0.0,0.0,0.0,0.001,1.0,6.546,128,1.5,0.001,2.0,0.05
0.676,0.495,0.159,0.772,0.263,0.542,0.228,6.546,128,1.5,0.003,0.5,0.05
0.719,0.611,0.192,0.726,0.304,0.405,0.274,6.546,128,1.5,0.003,1.0,0.05
0.611,0.881,0.056,0.001,0.002,0.002,0.999,6.546,128,1.5,0.003,2.0,0.05
0.699,0.6,0.181,0.686,0.286,0.412,0.314,6.546,128,1.5,0.005,0.5,0.05
0.692,0.627,0.181,0.619,0.28,0.372,0.381,6.546,128,1.5,0.005,1.0,0.05
0.665,0.532,0.161,0.715,0.263,0.492,0.285,6.546,128,1.5,0.005,2.0,0.05
0.446,0.552,0.103,0.367,0.161,0.423,0.633,4.464,128,2.0,0.001,0.5,0.05
0.664,0.456,0.152,0.798,0.255,0.589,0.202,4.464,128,2.0,0.001,1.0,0.05
0.649,0.496,0.155,0.742,0.256,0.536,0.258,4.464,128,2.0,0.001,2.0,0.05
0.722,0.605,0.191,0.733,0.303,0.412,0.267,4.464,128,2.0,0.003,0.5,0.05
0.682,0.599,0.179,0.68,0.284,0.412,0.32,4.464,128,2.0,0.003,1.0,0.05
0.666,0.556,0.168,0.706,0.271,0.464,0.294,4.464,128,2.0,0.003,2.0,0.05
0.718,0.624,0.191,0.686,0.299,0.384,0.314,4.464,128,2.0,0.005,0.5,0.05
0.693,0.625,0.185,0.647,0.288,0.378,0.353,4.464,128,2.0,0.005,1.0,0.05
0.701,0.625,0.188,0.663,0.292,0.38,0.337,4.464,128,2.0,0.005,2.0,0.05
